sitename,koeppen_code,fraction
camels_01013500,Dfb,100
camels_01022500,Dfb,99.99999999999999
camels_01030500,Dfb,100
camels_01031500,Dfb,100
camels_01047000,Dfb,100
camels_01052500,Dfb,100
camels_01054200,Dfb,99.99999999999999
camels_01055000,Dfb,100
camels_01057000,Dfb,100
camels_01073000,Dfb,100
camels_01078000,Dfb,100
camels_01118300,Dfa,100
camels_01121000,Dfa,100
camels_01123000,Dfa,100
camels_01134500,Dfb,100.00000000000001
camels_01137500,Dfb,100
camels_01139000,Dfb,100
camels_01139800,Dfb,100
camels_01142500,Dfb,100
camels_01144000,Dfb,99.99999999999999
camels_01162500,Dfb,100
camels_01169000,Dfb,100
camels_01170100,Dfb,100
camels_01181000,Dfb,100
camels_01187300,Dfb,100
camels_01195100,Dfa,100
camels_01333000,Dfb,100
camels_01350000,Dfb,100
camels_01350080,Dfb,100
camels_01350140,Dfb,100
camels_01365000,Dfa,99.62332863899402
camels_01365000,Dfb,0.37667136100598186
camels_01411300,Cfa,100
camels_01413500,Dfb,100
camels_01414500,Dfb,100
camels_01415000,Dfb,100
camels_01423000,Dfb,100.00000000000001
camels_01434025,Dfa,6.026082628358682
camels_01434025,Dfb,93.9739173716413
camels_01435000,Dfa,32.43227697098553
camels_01435000,Dfb,67.56772302901447
camels_01439500,Dfb,100
camels_01440000,Dfa,100
camels_01440400,Dfb,100
camels_01451800,Dfa,100
camels_01466500,Dfa,100
camels_01484100,Cfa,100
camels_01485500,Cfa,100
camels_01486000,Cfa,100
camels_01487000,Cfa,99.99999999999999
camels_01491000,Cfa,100.00000000000001
camels_01510000,Dfb,100
camels_01516500,Dfb,99.99999999999999
camels_01518862,Dfb,99.99999999999999
camels_01532000,Dfb,100
camels_01539000,Dfa,3.11994281454466
camels_01539000,Dfb,96.88005718545534
camels_01542810,Dfb,100
camels_01543000,Dfb,99.99999999999999
camels_01543500,Dfb,99.99999999999999
camels_01544500,Dfb,100
camels_01545600,Dfb,100
camels_01547700,Dfa,5.0744933892108515
camels_01547700,Dfb,94.92550661078914
camels_01548500,Dfb,100
camels_01549500,Dfb,100
camels_01550000,Dfa,18.704776715272388
camels_01550000,Dfb,81.29522328472761
camels_01552000,Dfa,46.80485446670201
camels_01552000,Dfb,53.19514553329799
camels_01552500,Dfa,23.456374162164632
camels_01552500,Dfb,76.54362583783536
camels_01557500,Dfb,100
camels_01567500,Dfa,100
camels_01568000,Dfa,100
camels_01580000,Dfa,100
camels_01583500,Cfa,19.370323206725267
camels_01583500,Dfa,80.62967679327471
camels_01586610,Cfa,27.20816581937885
camels_01586610,Dfa,72.79183418062115
camels_01591400,Dfa,100
camels_01594950,Dfb,100
camels_01596500,Dfa,12.091318926577095
camels_01596500,Dfb,87.90868107342291
camels_01605500,Dfa,15.321792489823668
camels_01605500,Dfb,84.67820751017632
camels_01606500,Dfa,4.302288231243112
camels_01606500,Dfb,95.69771176875688
camels_01613050,Dfa,100
camels_01620500,Dfa,100
camels_01632000,Dfa,69.57999329470655
camels_01632000,Dfb,30.42000670529345
camels_01632900,Cfa,33.591112044293816
camels_01632900,Dfa,66.40888795570619
camels_01634500,Dfa,100.00000000000001
camels_01638480,Dfa,100
camels_01639500,Dfa,100
camels_01644000,Cfa,51.35576346399291
camels_01644000,Dfa,48.6442365360071
camels_01658500,Cfa,100
camels_01664000,Cfa,37.0627175473239
camels_01664000,Dfa,62.937282452676094
camels_01666500,Cfa,84.13570584901761
camels_01666500,Dfa,15.864294150982394
camels_01667500,Cfa,93.66044525665029
camels_01667500,Dfa,6.3395547433497095
camels_01669000,Cfa,100
camels_01669520,Cfa,100
camels_02011400,Cfa,0.009239578369278642
camels_02011400,Dfb,99.99076042163072
camels_02011460,Dfb,100
camels_02013000,Dfb,100
camels_02014000,Cfa,3.9791762923094742
camels_02014000,Dfa,16.10370327030407
camels_02014000,Dfb,79.91712043738646
camels_02015700,Dfa,32.82885777623725
camels_02015700,Dfb,67.17114222376274
camels_02016000,Cfa,28.884040579128374
camels_02016000,Dfa,20.998007120527618
camels_02016000,Dfb,50.117952300344015
camels_02017500,Dfa,73.79737738289262
camels_02017500,Dfb,26.202622617107373
camels_02018000,Cfa,10.766962186936215
camels_02018000,Dfa,57.97317084072125
camels_02018000,Dfb,31.259866972342532
camels_02027000,Cfa,100
camels_02027500,Cfa,100
camels_02028500,Cfa,99.99999999999999
camels_02038850,Cfa,100
camels_02046000,Cfa,100
camels_02051000,Cfa,100.00000000000001
camels_02051500,Cfa,99.99999999999999
camels_02053200,Cfa,100
camels_02053800,Dfa,100
camels_02055100,Cfa,100
camels_02056900,Cfa,45.53824058665686
camels_02056900,Dfa,54.46175941334314
camels_02059500,Cfa,100
camels_02064000,Cfa,100
camels_02065500,Cfa,100
camels_02069700,Cfa,100
camels_02070000,Cfa,99.99999999999999
camels_02074500,Cfa,100
camels_02077200,Cfa,100
camels_02081500,Cfa,100
camels_02082950,Cfa,100.00000000000001
camels_02092500,Cfa,100.00000000000001
camels_02096846,Cfa,100
camels_02102908,Cfa,100
camels_02108000,Cfa,100
camels_02111180,Cfa,36.967864028846485
camels_02111180,Dfb,63.03213597115352
camels_02111500,Cfa,100
camels_02112120,Cfa,100
camels_02112360,Cfa,100
camels_02118500,Cfa,100
camels_02125000,Cfa,100
camels_02128000,Cfa,100
camels_02137727,Cfa,100
camels_02140991,Cfa,47.006579348939006
camels_02140991,Dfb,52.993420651060994
camels_02143000,Cfa,100.00000000000001
camels_02143040,Cfa,100
camels_02149000,Cfa,99.99999999999999
camels_02152100,Cfa,100
camels_02177000,Cfa,100
camels_02178400,Cfa,100.00000000000001
camels_02193340,Cfa,100
camels_02196000,Cfa,100
camels_02198100,Cfa,100
camels_02202600,Cfa,100
camels_02212600,Cfa,100
camels_02215100,Cfa,100
camels_02216180,Cfa,100.00000000000001
camels_02221525,Cfa,100
camels_02231000,Cfa,100
camels_02231342,Cfa,100
camels_02235200,Cfa,100
camels_02245500,Cfa,100.00000000000001
camels_02246000,Cfa,100.00000000000001
camels_02296500,Cfa,100
camels_02297155,Cfa,100
camels_02297310,Cfa,99.99999999999999
camels_02298123,Cfa,99.99999999999999
camels_02298608,Cfa,100
camels_02299950,Cfa,100
camels_02300700,Cfa,100
camels_02310947,Cfa,100
camels_02312200,Cfa,100
camels_02314500,Cfa,100
camels_02315500,Cfa,100
camels_02324400,Cfa,100
camels_02327100,Cfa,100
camels_02342933,Cfa,100
camels_02349900,Cfa,100
camels_02350900,Cfa,100
camels_02361000,Cfa,100
camels_02363000,Cfa,100
camels_02369800,Cfa,100
camels_02371500,Cfa,100
camels_02372250,Cfa,100
camels_02374500,Cfa,100
camels_02381600,Cfa,100
camels_02384540,Cfa,100
camels_02395120,Cfa,100
camels_02408540,Cfa,100
camels_02415000,Cfa,100
camels_02422500,Cfa,100
camels_02427250,Cfa,100
camels_02430085,Cfa,100.00000000000001
camels_02430615,Cfa,100
camels_02450250,Cfa,100
camels_02464000,Cfa,99.99999999999999
camels_02464146,Cfa,100.00000000000001
camels_02464360,Cfa,100
camels_02465493,Cfa,99.99999999999999
camels_02469800,Cfa,99.99999999999999
camels_02472000,Cfa,100
camels_02472500,Cfa,100
camels_02479155,Cfa,100
camels_02479300,Cfa,99.99999999999999
camels_02479560,Cfa,100
camels_02481000,Cfa,100
camels_02481510,Cfa,100
camels_03010655,Dfb,100
camels_03011800,Dfb,100
camels_03015500,Dfb,100.00000000000001
camels_03021350,Dfb,100
camels_03026500,Dfb,100
camels_03028000,Dfb,100
camels_03049000,Dfa,100
camels_03049800,Dfa,100
camels_03050000,Dfb,100
camels_03066000,Dfb,100
camels_03069500,Dfb,100
camels_03070500,Dfa,94.69985451135898
camels_03070500,Dfb,5.30014548864102
camels_03076600,Dfb,100
camels_03078000,Dfb,100
camels_03140000,Dfa,100
camels_03144000,Dfa,100
camels_03159540,Dfa,100.00000000000001
camels_03161000,Cfa,30.707376300091617
camels_03161000,Dfb,69.29262369990839
camels_03164000,Cfa,36.04506067835102
camels_03164000,Dfb,63.95493932164899
camels_03165000,Cfa,100
camels_03170000,Cfa,70.32188461793527
camels_03170000,Dfa,29.678115382064732
camels_03173000,Dfa,62.03189723308149
camels_03173000,Dfb,37.968102766918506
camels_03180500,Dfb,100
camels_03182500,Dfb,99.99999999999999
camels_03186500,Dfb,100
camels_03187500,Dfb,100
camels_03213700,Cfa,81.20616755444618
camels_03213700,Dfa,6.886262935903183
camels_03213700,Dfb,11.907569509650633
camels_03237280,Dfa,100
camels_03237500,Dfa,100
camels_03238500,Dfa,100
camels_03241500,Dfa,100
camels_03280700,Cfa,100
camels_03281100,Cfa,99.99999999999999
camels_03281500,Cfa,100
camels_03285000,Cfa,100
camels_03291780,Dfa,100
camels_03300400,Cfa,100
camels_03338780,Dfa,100
camels_03340800,Dfa,100
camels_03346000,Dfa,99.99999999999999
camels_03357350,Dfa,100
camels_03364500,Dfa,100
camels_03366500,Dfa,100
camels_03368000,Dfa,100
camels_03384450,Cfa,18.717686354097037
camels_03384450,Dfa,81.28231364590295
camels_03439000,Cfa,100
camels_03450000,Cfa,100
camels_03455500,Cfa,100
camels_03456500,Cfa,100
camels_03460000,Cfa,100
camels_03463300,Cfa,100
camels_03471500,Cfa,43.00200870444122
camels_03471500,Dfb,56.99799129555878
camels_03473000,Cfa,83.33929044535886
camels_03473000,Dfb,16.66070955464116
camels_03479000,Dfb,100
camels_03488000,Cfa,56.03068012589591
camels_03488000,Dfb,43.96931987410409
camels_03498500,Cfa,100.00000000000001
camels_03500000,Cfa,100
camels_03500240,Cfa,100
camels_03504000,Cfa,100
camels_03574500,Cfa,100
camels_03592718,Cfa,100
camels_03604000,Cfa,100
camels_04015330,Dfb,100
camels_04024430,Dfb,100
camels_04027000,Dfb,99.99999999999999
camels_04040500,Dfb,100
camels_04043050,Dfb,100
camels_04045500,Dfb,100
camels_04056500,Dfb,100
camels_04057510,Dfb,100
camels_04057800,Dfb,100
camels_04059500,Dfb,100
camels_04063700,Dfb,100
camels_04074950,Dfb,100
camels_04105700,Dfa,100
camels_04115265,Dfa,73.28051047715215
camels_04115265,Dfb,26.719489522847855
camels_04122200,Dfb,100
camels_04122500,Dfb,99.99999999999999
camels_04124000,Dfb,100.00000000000001
camels_04127918,Dfb,100.00000000000001
camels_04127997,Dfb,100
camels_04161580,Dfa,100
camels_04185000,Dfa,100
camels_04196800,Dfa,100
camels_04197100,Dfa,100
camels_04197170,Dfa,100
camels_04213000,Dfa,18.345196955409882
camels_04213000,Dfb,81.65480304459012
camels_04213075,Dfa,56.05704181236404
camels_04213075,Dfb,43.942958187635966
camels_04216418,Dfb,100
camels_04221000,Dfb,100
camels_04224775,Dfb,100
camels_04233000,Dfb,99.99999999999999
camels_04256000,Dfb,100
camels_04296000,Dfb,100
camels_05056000,Dwb,2.4321574923182614
camels_05056000,Dfb,97.56784250768175
camels_05057000,Dwb,1.6897664790120552
camels_05057000,Dfb,98.31023352098795
camels_05057200,Dfb,100
camels_05062500,Dfb,100
camels_05087500,Dfb,100
camels_05120500,Dfb,100
camels_05123400,Dfb,100
camels_05129115,Dfb,100
camels_05131500,Dfb,100
camels_05291000,Dfa,100
camels_05362000,Dfb,100
camels_05393500,Dfb,100.00000000000001
camels_05399500,Dfb,100
camels_05408000,Dfa,77.63020811193594
camels_05408000,Dfb,22.369791888064068
camels_05412500,Dfa,100
camels_05413500,Dfa,100.00000000000001
camels_05414000,Dfa,100
camels_05444000,Dfa,100
camels_05454000,Dfa,100
camels_05458000,Dfa,100
camels_05466500,Dfa,100
camels_05487980,Dfa,100
camels_05488200,Dfa,100
camels_05489000,Dfa,99.99999999999999
camels_05495000,Dfa,100.00000000000001
camels_05495500,Dfa,100
camels_05501000,Dfa,100
camels_05503800,Dfa,100.00000000000001
camels_05507600,Dfa,100
camels_05508805,Dfa,100
camels_05514500,Dfa,100
camels_05525500,Dfa,100
camels_05556500,Dfa,100.00000000000001
camels_05584500,Dfa,99.99999999999999
camels_05585000,Dfa,100
camels_05591550,Dfa,100
camels_05592050,Dfa,100.00000000000001
camels_05592575,Dfa,100
camels_05593575,Dfa,100
camels_05593900,Dfa,100
camels_05595730,Dfa,100
camels_06037500,Dfb,0.10572827132239591
camels_06037500,Dfc,99.8942717286776
camels_06043500,BSk,1.6311564033722434
camels_06043500,Dfc,98.36884359662776
camels_06154410,BSk,100
camels_06188000,Dfc,100
camels_06191500,Dfc,100
camels_06221400,BSk,16.316544121307828
camels_06221400,Dfc,83.68345587869217
camels_06224000,BSk,67.48893781678291
camels_06224000,Dfc,32.51106218321709
camels_06278300,Dfc,100
camels_06280300,BSk,3.7103752953137095
camels_06280300,Dfc,96.28962470468628
camels_06289000,BSk,0.5582195855908634
camels_06289000,Dfc,99.44178041440914
camels_06291500,BSk,75.20255705378996
camels_06291500,Dfc,24.797442946210037
camels_06311000,Dfc,100
camels_06332515,BSk,100
camels_06339100,BSk,100
camels_06339500,BSk,45.71074955503218
camels_06339500,Dwb,54.28925044496782
camels_06344600,BSk,99.99999999999999
camels_06350000,BSk,75.93971446145382
camels_06350000,Dwb,24.06028553854618
camels_06352000,BSk,100
camels_06353000,BSk,100
camels_06354000,BSk,90.36077487491
camels_06354000,Dwb,9.63922512508999
camels_06360500,BSk,80.91161865383278
camels_06360500,Dfa,19.088381346167225
camels_06404000,BSk,86.0676987620761
camels_06404000,Dfb,13.932301237923891
camels_06406000,BSk,94.58281414744641
camels_06406000,Dfb,5.417185852553588
camels_06408700,Dfb,100
camels_06409000,Dfb,100
camels_06431500,Dfb,99.99999999999999
camels_06440200,BSk,100
camels_06441500,BSk,94.652678754104
camels_06441500,Dfa,5.347321245896001
camels_06447000,BSk,99.752056680795
camels_06447000,Dfa,0.24794331920499763
camels_06447500,BSk,100
camels_06450500,BSk,36.34482272961213
camels_06450500,Dwa,28.858416346602965
camels_06450500,Dfa,34.7967609237849
camels_06452000,BSk,68.42110358301427
camels_06452000,Dwa,5.099056940949549
camels_06452000,Dfa,26.47983947603618
camels_06453600,Dfa,100
camels_06464500,Dwa,35.2081323017639
camels_06464500,Dfa,64.7918676982361
camels_06468170,Dwb,23.20703544505399
camels_06468170,Dfb,76.79296455494601
camels_06468250,Dwb,20.2445544940984
camels_06468250,Dfb,79.75544550590159
camels_06470800,Dfa,40.43968550926661
camels_06470800,Dfb,59.56031449073339
camels_06477500,Dfa,100
camels_06479215,Dfa,100
camels_06479438,Dfa,100.00000000000001
camels_06601000,Dfa,100
camels_06614800,Dfc,100
camels_06622700,BSk,14.955263153499429
camels_06622700,Dfc,85.04473684650057
camels_06623800,BSk,31.6554813708491
camels_06623800,Dfc,68.34451862915091
camels_06632400,BSk,28.144585906247805
camels_06632400,Dfc,71.85541409375219
camels_06746095,Dfc,100
camels_06784000,Dfa,99.99999999999999
camels_06803510,Dfa,100
camels_06803530,Dfa,100
camels_06814000,Dfa,100
camels_06847900,BSk,14.95491772290305
camels_06847900,Dfa,85.04508227709695
camels_06853800,Dfa,100
camels_06876700,Dfa,100
camels_06878000,Dfa,99.99999999999999
camels_06879650,Dfa,100
camels_06885500,Dfa,100.00000000000001
camels_06888500,Dfa,99.99999999999999
camels_06889200,Dfa,100
camels_06889500,Dfa,100
camels_06892000,Dfa,100
camels_06903400,Dfa,100
camels_06906800,Dfa,99.99999999999999
camels_06910800,Dfa,100
camels_06911900,Dfa,100
camels_06917000,Dfa,100
camels_06918460,Dfa,100
camels_06919500,Cfa,5.894706841862614
camels_06919500,Dfa,94.10529315813739
camels_06921070,Dfa,100
camels_06921200,Dfa,100
camels_06934000,Dfa,100
camels_07014500,Dfa,100
camels_07056000,Cfa,100
camels_07057500,Cfa,81.06811910502178
camels_07057500,Dfa,18.931880894978217
camels_07060710,Cfa,100
camels_07066000,Cfa,2.807294821264005
camels_07066000,Dfa,97.19270517873599
camels_07067000,Cfa,6.771822282250436
camels_07067000,Dfa,93.22817771774956
camels_07068000,Cfa,22.645009032341672
camels_07068000,Dfa,77.35499096765834
camels_07071500,Cfa,96.68998228705247
camels_07071500,Dfa,3.3100177129475252
camels_07083000,Dfc,100
camels_07142300,Dfa,99.99999999999999
camels_07145700,Cfa,100.00000000000001
camels_07148400,Cfa,26.11770630304556
camels_07148400,Dfa,73.88229369695443
camels_07149000,Cfa,2.3991958237169753
camels_07149000,Dfa,97.60080417628302
camels_07151500,Cfa,76.49355205056003
camels_07151500,Dfa,23.506447949439977
camels_07167500,Dfa,100
camels_07180500,Dfa,100
camels_07184000,Cfa,65.27160747732002
camels_07184000,Dfa,34.728392522679975
camels_07195800,Cfa,100
camels_07196900,Cfa,100
camels_07197000,Cfa,100
camels_07208500,BSk,3.592197756667627
camels_07208500,Dfb,96.40780224333238
camels_07226500,BSk,100
camels_07261000,Cfa,100
camels_07263295,Cfa,100
camels_07290650,Cfa,100
camels_07291000,Cfa,100.00000000000001
camels_07292500,Cfa,100
camels_07295000,Cfa,100
camels_07299670,BSk,41.476693761568384
camels_07299670,Cfa,58.523306238431616
camels_07301410,BSk,99.99999999999999
camels_07301500,BSk,74.31062404049278
camels_07301500,Cfa,25.689375959507224
camels_07315200,Cfa,100
camels_07315700,Cfa,100
camels_07335700,Cfa,100
camels_07340300,Cfa,100
camels_07346045,Cfa,100.00000000000001
camels_07359610,Cfa,100
camels_07362100,Cfa,100
camels_07362587,Cfa,100
camels_07373000,Cfa,99.99999999999999
camels_07375000,Cfa,100
camels_07376000,Cfa,100
camels_08013000,Cfa,100
camels_08014500,Cfa,100.00000000000001
camels_08023080,Cfa,100
camels_08025500,Cfa,100
camels_08029500,Cfa,100
camels_08050800,Cfa,100.00000000000001
camels_08066200,Cfa,100
camels_08066300,Cfa,100
camels_08070000,Cfa,100
camels_08070200,Cfa,100
camels_08079600,BSk,100
camels_08082700,BSk,91.78210798985526
camels_08082700,Cfa,8.217892010144725
camels_08086212,Cfa,100
camels_08086290,Cfa,100
camels_08101000,Cfa,100
camels_08103900,Cfa,100
camels_08104900,Cfa,100
camels_08109700,Cfa,100
camels_08150800,Cfa,100
camels_08155200,Cfa,100
camels_08158700,Cfa,100
camels_08158810,Cfa,100.00000000000001
camels_08164000,Cfa,100
camels_08164300,Cfa,100
camels_08164600,Cfa,100
camels_08165300,Cfa,100
camels_08171300,Cfa,100
camels_08175000,Cfa,100
camels_08176900,Cfa,100
camels_08178880,Cfa,100.00000000000001
camels_08189500,Cfa,100
camels_08190000,BSh,62.358118973027885
camels_08190000,Cfa,37.641881026972115
camels_08190500,BSh,100
camels_08194200,BSh,99.99999999999999
camels_08195000,BSh,0.20224909364036892
camels_08195000,Cfa,99.79775090635964
camels_08196000,BSh,4.281603462037549
camels_08196000,Cfa,95.71839653796245
camels_08198500,BSh,15.82922558450348
camels_08198500,Cfa,84.17077441549652
camels_08200000,Cfa,100
camels_08202700,BSh,28.500330128413587
camels_08202700,Cfa,71.49966987158642
camels_08267500,BSk,36.49295948282121
camels_08267500,Dfc,63.50704051717878
camels_08269000,BSk,1.0584961385318146
camels_08269000,Dfb,81.35555974204274
camels_08269000,Dfc,17.58594411942544
camels_08271000,BSk,19.378340381667662
camels_08271000,Dfb,4.3102365278474535
camels_08271000,Dfc,76.31142309048488
camels_08324000,BSk,100
camels_08377900,BSk,1.760550830893282
camels_08377900,Dfb,98.2394491691067
camels_08378500,BSk,0.5497073717272403
camels_08378500,Dfb,99.45029262827276
camels_08380500,BSk,76.38880485505094
camels_08380500,Dfb,23.61119514494906
camels_09034900,Dfc,100
camels_09035800,Dfc,100
camels_09035900,Dfc,100
camels_09047700,Dfc,100
camels_09065500,Dfc,100
camels_09066000,Dfc,100
camels_09066200,Dfc,100
camels_09066300,Dfc,100
camels_09081600,Dfc,100
camels_09107000,Dfc,99.99999999999999
camels_09210500,BSk,22.52809813972627
camels_09210500,Dfc,77.47190186027375
camels_09223000,Dfc,100
camels_09306242,BSk,100.00000000000001
camels_09312600,BSk,15.533792594907798
camels_09312600,Dfb,84.4662074050922
camels_09352900,Dfb,2.666847307766412
camels_09352900,Dfc,97.33315269223358
camels_09378170,BSk,100
camels_09378630,BSk,100
camels_09386900,BSk,100
camels_09404450,BSk,100.00000000000001
camels_09430500,BSk,100
camels_09430600,BSk,100
camels_09447800,BWh,5.967364544980593
camels_09447800,BWk,0.04561158216700563
camels_09447800,BSk,93.9870238728524
camels_09480000,BSk,100
camels_09484000,BSh,100
camels_09484600,BSh,12.979385004443175
camels_09484600,BSk,87.02061499555683
camels_09492400,Dsb,100
camels_09494000,BSk,44.73841827344053
camels_09494000,Dsb,55.261581726559484
camels_09497800,BSk,58.01653828269238
camels_09497800,Dsb,41.98346171730761
camels_09497980,BSk,38.563791509871905
camels_09497980,Dsb,61.436208490128095
camels_09505200,BSk,49.06707612275172
camels_09505200,Dsb,50.932923877248285
camels_09505350,BSk,90.10068278392225
camels_09505350,Dsb,9.899317216077746
camels_09505800,BSk,22.681288160891878
camels_09505800,Csa,7.3307233692307125
camels_09505800,Dsb,69.98798846987742
camels_09508300,BSk,97.8203925324869
camels_09508300,Csa,2.1796074675130948
camels_09510200,BWh,28.926877027930654
camels_09510200,BSh,70.73100312398142
camels_09510200,Csa,0.3421198480879257
camels_09512280,BWh,83.90257816343868
camels_09512280,BSk,16.097421836561313
camels_09513780,BWh,43.23500728975141
camels_09513780,BSk,56.76499271024858
camels_10023000,BSk,100
camels_10166430,BWk,5.3478455041909125
camels_10166430,BSk,94.65215449580907
camels_10172700,BWk,6.065955860537617
camels_10172700,BSk,93.93404413946237
camels_10172800,BWk,48.72605586426215
camels_10172800,BSk,51.27394413573786
camels_10173450,BSk,100
camels_10205030,BWk,21.728587155160426
camels_10205030,BSk,78.27141284483957
camels_10234500,BSk,100
camels_10242000,BWk,0.010824245876371817
camels_10242000,BSk,99.98917575412364
camels_10244950,BSk,100
camels_10249300,BWk,94.48940972651701
camels_10249300,BSk,5.510590273483001
camels_10258000,Csa,100
camels_10258500,BWh,41.132586947969685
camels_10258500,Csa,58.8674130520303
camels_10259000,Csa,100
camels_10259200,BWh,100
camels_10263500,BWk,1.3447749829332225
camels_10263500,Csa,98.65522501706678
camels_10310500,Dsb,100
camels_10316500,BSk,100
camels_10329500,BSk,100
camels_10336645,Dsb,100
camels_10336660,Dsb,100
camels_10336740,Dsb,100
camels_10343500,Dsb,100
camels_10348850,Dsb,100
camels_10396000,BSk,100
camels_11098000,Csa,100
camels_11124500,Csb,100
camels_11141280,Csb,100
camels_11143000,Csb,100
camels_11148900,Csb,100
camels_11151300,Csa,84.46833020579004
camels_11151300,Csb,15.531669794209972
camels_11162500,Csb,100
camels_11176400,Csa,49.97725019144353
camels_11176400,Csb,50.02274980855649
camels_11180500,Csa,45.39099879841003
camels_11180500,Csb,54.60900120158997
camels_11180960,Csb,100
camels_11224500,BSk,34.529885617243835
camels_11224500,Csa,65.47011438275615
camels_11230500,Dsc,100
camels_11237500,Csb,100
camels_11253310,BSk,36.827881585829275
camels_11253310,Csa,63.17211841417073
camels_11264500,Csb,20.81413763114968
camels_11264500,Dsc,79.18586236885031
camels_11266500,Csb,47.83513284935319
camels_11266500,Dsc,52.16486715064681
camels_11274500,Csa,100
camels_11274630,BSk,4.498796482673307
camels_11274630,Csa,95.50120351732669
camels_11284400,Csa,100
camels_11299600,Csa,100
camels_11381500,Csa,94.82133949945215
camels_11381500,Dsb,5.178660500547849
camels_11383500,Csa,65.85375664596705
camels_11383500,Dsb,34.14624335403294
camels_11451100,Csa,100
camels_11468500,Csb,100
camels_11473900,Csa,2.7709114270935213
camels_11473900,Csb,97.22908857290648
camels_11475560,Csb,100
camels_11476600,Csb,100
camels_11478500,Csb,99.99999999999999
camels_11480390,Csb,100
camels_11481200,Csb,100
camels_11482500,Csb,100
camels_11522500,Csa,0.09235170607071586
camels_11522500,Csb,99.90764829392928
camels_11523200,Csb,100
camels_11528700,Csa,2.361931217640354
camels_11528700,Csb,97.63806878235964
camels_11532500,Csb,100.00000000000001
camels_12010000,Csb,100.00000000000001
camels_12013500,Csb,100
camels_12020000,Csb,100
camels_12025000,Csb,100
camels_12025700,Csb,100
camels_12035000,Csb,62.098488122779
camels_12035000,Cfb,37.901511877221
camels_12040500,Cfb,100.00000000000001
camels_12041200,Cfb,100.00000000000001
camels_12043000,Cfb,100
camels_12048000,Csb,2.2865094470111678
camels_12048000,Dsc,97.71349055298883
camels_12054000,Csb,1.6201428597139689
camels_12054000,Dsc,98.37985714028603
camels_12056500,Csb,5.3720140117831265
camels_12056500,Cfb,0.1700737945347942
camels_12056500,Dsc,94.45791219368208
camels_12073500,Csb,100
camels_12082500,Csb,18.646920351763036
camels_12082500,Dfc,81.35307964823697
camels_12092000,Csb,5.080090531496509
camels_12092000,Dfc,94.91990946850349
camels_12095000,Csb,38.44875638275669
camels_12095000,Cfb,61.5512436172433
camels_12114500,Cfb,46.50479015543394
camels_12114500,Dsb,53.49520984456605
camels_12115000,Cfb,67.88999028679144
camels_12115000,Dsb,32.11000971320856
camels_12115500,Cfb,100
camels_12117000,Cfb,100
camels_12141300,Cfb,46.66100221947481
camels_12141300,Dsb,17.18617978740825
camels_12141300,Dfc,36.15281799311695
camels_12143600,Cfb,63.43194595556053
camels_12143600,Dsb,36.568054044439464
camels_12144000,Cfb,71.64828205920595
camels_12144000,Dsb,28.351717940794053
camels_12145500,Cfb,100
camels_12147500,Cfb,100
camels_12147600,Cfb,100
camels_12167000,Csb,5.430114499599272
camels_12167000,Cfb,94.56988550040072
camels_12175500,Dsc,30.990608449759048
camels_12175500,Dfc,69.00939155024096
camels_12178100,Dfc,100
camels_12186000,Cfb,1.3135158660857706
camels_12186000,Dfc,98.68648413391422
camels_12189500,Cfb,16.281486857913002
camels_12189500,Dsc,3.4824539695349195
camels_12189500,Dfc,80.23605917255207
camels_12358500,BSk,1.7195569794996406
camels_12358500,Dfb,0.5319897529306716
camels_12358500,Dfc,97.74845326756967
camels_12374250,Dfb,100
camels_12375900,BSk,6.255885119309743
camels_12375900,Dfb,0.2819304983177616
camels_12375900,Dfc,93.4621843823725
camels_12377150,Dfc,100
camels_12381400,Dfc,100
camels_12383500,Dfc,100
camels_12388400,BSk,100
camels_12390700,Dsb,100
camels_12411000,Dsb,100
camels_12414500,Dsb,100.00000000000001
camels_12447390,Dsc,100
camels_12451000,Dsc,89.76369612233502
camels_12451000,Dfc,10.236303877664971
camels_12488500,Dsc,97.93058831277199
camels_12488500,Dfc,2.069411687228017
camels_13011500,Dfc,100
camels_13011900,Dfc,100
camels_13018300,Dfc,100
camels_13023000,Dfc,100
camels_13083000,BSk,99.99999999999999
camels_13161500,BSk,100
camels_13235000,Dsb,19.341320721571794
camels_13235000,Dsc,80.45903965866076
camels_13235000,Dfc,0.19963961976742695
camels_13240000,Dsb,0.15086070451341382
camels_13240000,Dsc,99.8491392954866
camels_13310700,Dsb,1.981621597830123
camels_13310700,Dsc,98.01837840216989
camels_13313000,Dsc,100
camels_13331500,Dsb,73.27322541045932
camels_13331500,Dsc,26.726774589540693
camels_13337000,BSk,7.044519239078308
camels_13337000,Dsb,68.18109027942867
camels_13337000,Dfc,24.774390481493015
camels_13338500,Dsb,74.3438877145746
camels_13338500,Dfb,25.6561122854254
camels_13340000,BSk,1.513706323906071
camels_13340000,Dsb,66.15909038622273
camels_13340000,Dfb,13.49109472062307
camels_13340000,Dfc,18.836108569248136
camels_13340600,Dsb,84.82421945566888
camels_13340600,Dfc,15.175780544331127
camels_14020000,Dsb,100
camels_14092750,Dsb,100
camels_14096850,BSk,27.549391471437513
camels_14096850,Dsb,72.45060852856248
camels_14137000,Csb,14.153051708213567
camels_14137000,Dsb,85.84694829178645
camels_14138800,Dsb,100
camels_14138870,Csb,32.11088280498556
camels_14138870,Dsb,67.88911719501445
camels_14138900,Csb,81.98688839472274
camels_14138900,Dsb,18.013111605277263
camels_14139800,Csb,60.67327820384547
camels_14139800,Dsb,39.32672179615453
camels_14141500,Csb,68.5058049499168
camels_14141500,Dsb,31.494195050083206
camels_14154500,Csb,100
camels_14158500,Csb,46.968980163084865
camels_14158500,Dsb,53.031019836915135
camels_14158790,Csb,100
camels_14166500,Csb,100
camels_14182500,Csb,99.99999999999999
camels_14185000,Csb,100
camels_14185900,Csb,100
camels_14187000,Csb,100
camels_14216500,Csb,58.77547958510364
camels_14216500,Dsb,41.22452041489637
camels_14222500,Csb,100
camels_14236200,Csb,100
camels_14301000,Csb,100
camels_14303200,Csb,100
camels_14305500,Csb,100
camels_14306340,Csb,100
camels_14306500,Csb,100
camels_14308990,Csb,99.99999999999999
camels_14309500,Csb,100
camels_14316700,Csb,96.2669357099105
camels_14316700,Dsc,3.733064290089501
camels_14325000,Csb,100
camels_14362250,Csb,100
camels_14400000,Csb,100
